Order_ID,Order_Date,Customer_ID,Product,Category,Region,Quantity,Unit_Price,Discount,Sales,Profit
ORD10392,2025-01-01,CUST1147,Table,Furniture,South,7,174.53,0.25,916.28,94.72
ORD10450,2025-01-02,CUST1159,Smartphone,Electronics,East,4,755.07,0.0,3020.28,941.88
ORD10406,2025-01-03,CUST1048,Blender,Home & Kitchen,East,5,119.62,0.05,568.2,113.7
ORD10332,2025-01-03,CUST1175,Blender,Home & Kitchen,South,4,53.89,0.0,215.56,52.82
ORD10131,2025-01-03,CUST1151,Desk,Furniture,East,3,302.24,0.15,770.71,105.74
ORD10067,2025-01-04,CUST1053,Headphones,Electronics,West,7,89.38,0.05,594.38,158.42
ORD10305,2025-01-04,CUST1170,T-Shirt,Clothing,Central,7,53.44,0.0,374.08,48.17
ORD10471,2025-01-05,CUST1009,Headphones,Electronics,Central,6,157.47,0.05,897.58,243.77
ORD10108,2025-01-05,CUST1085,Air Fryer,Home & Kitchen,Central,5,171.77,0.0,858.85,69.84
ORD10132,2025-01-06,CUST1111,Keyboard,Electronics,North,1,94.42,0.1,84.98,13.28
ORD10037,2025-01-07,CUST1041,Bookshelf,Furniture,Central,6,232.85,0.0,1397.1,192.88
ORD10454,2025-01-07,CUST1153,Cookware Set,Home & Kitchen,West,3,139.79,0.15,356.46,40.65
ORD10178,2025-01-08,CUST1097,Desk,Furniture,North,7,400.4,0.25,2102.1,327.99
ORD10181,2025-01-08,CUST1137,Desk,Furniture,West,7,471.68,0.0,3301.76,706.82
ORD10134,2025-01-08,CUST1047,Table,Furniture,North,6,423.04,0.05,2411.33,688.02
ORD10367,2025-01-09,CUST1025,Vacuum Cleaner,Home & Kitchen,West,4,389.71,0.2,1247.07,321.05
ORD10369,2025-01-10,CUST1029,Keyboard,Electronics,East,2,38.97,0.15,66.25,18.0
ORD10216,2025-01-10,CUST1166,Headphones,Electronics,West,3,37.79,,96.36,13.57
ORD10143,2025-01-11,CUST1178,Desk,Furniture,East,7,100.12,0.05,665.8,53.11
ORD10464,2025-01-12,CUST1099,T-Shirt,Clothing,East,7,38.07,0.05,253.17,29.78
ORD10041,2025-01-12,CUST1147,Laptop,Electronics,South,5,649.87,0.25,2437.01,392.62
ORD10439,2025-01-13,CUST1075,Jacket,Clothing,North,2,175.75,0.15,298.77,81.83
ORD10491,2025-01-14,CUST1016,Table,Furniture,West,2,452.73,0.1,814.91,56.18
ORD10116,2025-01-15,CUST1123,Cookware Set,Home & Kitchen,East,2,78.82,0.05,149.76,28.54
ORD10353,2025-01-16,CUST1013,Backpack,Clothing,West,4,55.96,0.05,212.65,53.6
ORD10042,2025-01-16,CUST1084,Table,Furniture,North,1,539.31,0.15,458.41,52.18
ORD10080,2025-01-17,CUST1028,Headphones,Electronics,South,1,161.62,0.15,137.38,25.35
ORD10239,2025-01-17,CUST1027,T-Shirt,Clothing,South,7,38.46,0.0,269.22,79.69
ORD10005,2025-01-17,CUST1157,Keyboard,Electronics,South,4,127.99,0.1,460.76,125.66
ORD10480,2025-01-19,CUST1064,Jacket,Clothing,Central,1,169.74,0.1,152.77,13.41
ORD10162,2025-01-19,CUST1174,Jeans,Clothing,Central,6,56.73,0.2,272.3,46.97
ORD10451,2025-01-22,CUST1124,Vacuum Cleaner,Home & Kitchen,West,2,362.0,0.15,615.4,138.56
ORD10354,2025-01-22,CUST1069,Keyboard,Electronics,North,5,96.73,0.2,386.92,72.76
ORD10008,2025-01-24,CUST1006,Air Fryer,Home & Kitchen,East,4,128.92,0.05,489.9,46.12
ORD10303,2025-01-24,CUST1126,T-Shirt,Clothing,West,6,57.49,0.15,293.2,38.87
ORD10304,2025-01-24,CUST1160,T-Shirt,Clothing,Central,5,19.6,0.15,83.3,9.25
ORD10086,2025-01-25,CUST1049,Desk,Furniture,South,1,102.63,0.2,82.1,12.07
ORD10346,2025-01-25,CUST1157,Jacket,Clothing,West,3,169.67,0.1,458.11,57.59
ORD10085,2025-01-26,CUST1007,Desk,Furniture,Central,3,583.85,0.15,1488.82,200.67
ORD10077,2025-01-28,CUST1098,Air Fryer,Home & Kitchen,North,6,126.79,0.1,684.67,110.51
ORD10009,2025-01-29,CUST1058,Backpack,Clothing,South,2,106.8,0.0,213.6,40.01
ORD10496,2025-01-29,CUST1040,Desk,Furniture,North,5,402.77,0.0,2013.85,168.21
ORD10343,2025-01-30,CUST1177,Monitor,Electronics,East,5,190.47,0.15,809.5,228.26
ORD10419,2025-02-01,CUST1082,T-Shirt,Clothing,East,6,48.49,0.05,276.39,52.56
ORD10363,2025-02-01,CUST1193,Office Chair,Furniture,Central,6,323.08,0.0,1938.48,185.79
ORD10035,2025-02-02,CUST1157,Blender,Home & Kitchen,Central,3,90.79,0.0,272.37,57.13
ORD10477,2025-02-02,CUST1144,Laptop,Electronics,South,7,1093.49,0.15,6506.27,1334.93
ORD10222,2025-02-03,CUST1157,Sneakers,Clothing,East,4,40.71,0.05,154.7,47.13
ORD10197,2025-02-05,CUST1079,Sneakers,Clothing,West,4,123.62,0.15,420.31,61.34
ORD10337,2025-02-07,CUST1141,Vacuum Cleaner,Home & Kitchen,South,6,312.14,0.0,1872.84,311.06
ORD10352,2025-02-08,CUST1071,Cookware Set,Home & Kitchen,North,7,212.88,0.05,1415.65,351.54
ORD10185,2025-02-08,CUST1085,Monitor,Electronics,North,6,207.62,0.05,1183.43,320.05
ORD10300,2025-02-09,CUST1150,Headphones,Electronics,Central,7,30.23,0.15,179.87,28.51
ORD10280,2025-02-09,CUST1057,Coffee Maker,Home & Kitchen,Central,3,201.88,0.0,605.64,105.89
ORD10258,2025-02-10,CUST1177,Backpack,Clothing,North,5,25.11,0.15,106.72,15.82
ORD10290,2025-02-10,CUST1151,Backpack,Clothing,East,1,89.22,0.05,84.76,8.38
ORD10423,2025-02-12,CUST1079,Smartphone,Electronics,South,1,313.17,0.25,234.88,7.64
ORD10445,2025-02-12,CUST1130,Cookware Set,Home & Kitchen,Central,3,197.01,0.0,591.03,147.12
ORD10044,2025-02-12,CUST1066,Cookware Set,Home & Kitchen,Central,7,208.27,0.05,1385.0,340.52
ORD10194,2025-02-13,CUST1114,Sneakers,Clothing,South,7,128.17,0.15,762.61,182.94
ORD10054,2025-02-14,CUST1096,Coffee Maker,Home & Kitchen,East,5,58.97,0.15,250.62,58.44
ORD10121,2025-02-15,CUST1092,Cookware Set,Home & Kitchen,,6,163.79,0.0,982.74,224.16
ORD10294,2025-02-15,CUST1085,Sofa,Furniture,East,7,645.25,0.0,4516.75,660.28
ORD10350,2025-02-16,CUST1026,Jeans,Clothing,West,6,50.3,0.0,301.8,77.78
ORD10483,2025-02-16,CUST1062,Sofa,Furniture,Central,3,511.21,0.05,1456.95,208.71
ORD10102,2025-02-16,CUST1074,Jeans,Clothing,South,6,111.3,0.0,667.8,130.68
ORD10373,2025-02-17,CUST1124,Smartphone,Electronics,East,2,537.65,0.1,967.77,169.5
ORD10152,2025-02-17,CUST1048,Laptop,Electronics,South,3,809.84,0.2,1943.62,114.76
ORD10409,2025-02-18,CUST1022,Cookware Set,Home & Kitchen,Central,3,60.19,0.15,153.48,35.08
ORD10095,2025-02-18,CUST1106,Cookware Set,Home & Kitchen,South,5,289.54,0.2,1158.16,135.32
ORD10479,2025-02-19,CUST1021,Blender,Home & Kitchen,North,6,118.26,0.25,532.17,47.03
ORD10142,2025-02-19,CUST1061,Laptop,Electronics,North,7,1192.76,0.15,7096.92,1385.58
ORD10383,2025-02-20,CUST1086,Backpack,Clothing,East,4,58.99,0.05,224.16,65.12
ORD10097,2025-02-21,CUST1032,Backpack,Clothing,East,2,85.7,0.1,154.26,10.17
ORD10466,2025-02-22,CUST1044,Desk,Furniture,Central,2,134.57,0.15,228.77,30.03
ORD10113,2025-02-23,CUST1015,Cookware Set,Home & Kitchen,South,1,80.13,0.0,80.13,12.93
ORD10322,2025-02-23,CUST1072,T-Shirt,Clothing,East,2,29.04,0.0,58.08,16.45
ORD10207,2025-02-24,CUST1135,Monitor,Electronics,East,6,133.25,0.05,,77.26
ORD10036,2025-02-24,CUST1020,Coffee Maker,Home & Kitchen,Central,3,144.47,0.05,411.74,37.33
ORD10472,2025-02-26,CUST1127,Air Fryer,Home & Kitchen,Central,2,185.9,0.1,334.62,35.43
ORD10101,2025-02-26,CUST1145,Laptop,Electronics,East,2,1185.43,0.1,2133.77,287.04
ORD10250,2025-02-27,CUST1055,Cookware Set,Home & Kitchen,Central,7,270.41,0.05,1798.23,287.76
ORD10056,2025-02-28,CUST1070,Cookware Set,Home & Kitchen,East,2,67.06,0.15,114.0,20.79
ORD10081,2025-02-28,CUST1193,Cookware Set,Home & Kitchen,East,2,164.92,0.1,296.86,66.39
ORD10169,2025-02-28,CUST1179,Keyboard,Electronics,East,4,34.23,0.05,130.07,12.54
ORD10476,2025-02-28,CUST1145,Cookware Set,Home & Kitchen,South,3,149.76,0.05,426.82,50.91
ORD10360,2025-02-28,CUST1049,Jeans,Clothing,North,4,65.6,0.0,262.4,25.88
ORD10118,2025-03-02,CUST1155,Keyboard,Electronics,Central,6,123.39,0.05,703.32,204.75
ORD10123,2025-03-03,CUST1043,Table,Furniture,Central,6,486.73,0.0,2920.38,475.59
ORD10408,2025-03-04,CUST1136,Smartphone,Electronics,South,4,536.63,0.05,2039.19,207.57
ORD10415,2025-03-06,CUST1116,Jacket,Clothing,West,1,145.86,0.1,131.27,8.93
ORD10149,2025-03-09,CUST1016,Laptop,Electronics,South,1,489.51,0.15,416.08,56.01
ORD10265,2025-03-09,CUST1061,Coffee Maker,Home & Kitchen,Central,1,157.57,0.05,149.69,44.82
ORD10092,2025-03-09,CUST1164,T-Shirt,Clothing,East,7,46.08,0.05,306.43,67.32
ORD10474,2025-03-10,CUST1157,Air Fryer,Home & Kitchen,West,6,183.9,0.15,937.89,146.17
ORD10313,2025-03-10,CUST1167,Smartphone,Electronics,West,5,807.64,0.05,3836.29,634.22
ORD10146,2025-03-11,CUST1058,Laptop,Electronics,West,4,1149.44,0.1,4137.98,827.23
ORD10401,2025-03-11,CUST1030,Keyboard,Electronics,East,1,121.84,0.15,103.56,21.37
ORD10399,2025-03-14,CUST1181,Coffee Maker,Home & Kitchen,South,7,238.94,0.1,1505.32,308.51
ORD10196,2025-03-15,CUST1037,Office Chair,Furniture,East,5,271.76,0.1,1222.92,336.29
ORD10410,2025-03-17,CUST1006,Laptop,Electronics,West,6,573.0,0.1,3094.2,371.73
ORD10272,2025-03-17,CUST1169,Blender,Home & Kitchen,West,5,32.76,0.1,147.42,25.41
ORD10424,2025-03-19,CUST1020,Sofa,Furniture,South,5,318.78,0.0,1593.9,448.59
ORD10126,2025-03-19,CUST1170,Desk,Furniture,North,5,380.34,0.05,1806.61,335.94
ORD10489,2025-03-20,CUST1011,Air Fryer,Home & Kitchen,South,6,87.69,0.15,447.22,49.86
ORD10064,2025-03-20,CUST1083,Desk,Furniture,Central,5,577.04,0.1,2596.68,201.31
ORD10444,2025-03-21,CUST1158,Table,Furniture,East,3,408.4,0.0,1225.2,284.06
ORD10186,2025-03-22,CUST1002,Sneakers,Clothing,North,2,156.29,0.1,281.32,62.23
ORD10385,2025-03-22,CUST1169,Jeans,Clothing,North,4,117.97,0.1,424.69,115.71
ORD10396,2025-03-22,CUST1015,Coffee Maker,Home & Kitchen,North,6,168.72,0.1,911.09,160.12
ORD10246,2025-03-23,CUST1122,Cookware Set,Home & Kitchen,North,4,282.52,0.1,1017.07,296.13
ORD10458,2025-03-24,CUST1101,Bookshelf,Furniture,West,6,116.59,0.1,629.59,41.91
ORD10487,2025-03-25,CUST1189,Smartphone,Electronics,West,3,514.14,0.2,1233.94,96.01
ORD10285,2025-03-25,CUST1141,Backpack,Clothing,South,1,69.99,0.15,59.49,16.29
ORD10109,2025-03-25,CUST1127,Smartphone,Electronics,West,1,899.55,0.0,899.55,73.62
ORD10188,2025-03-25,CUST1058,Sneakers,Clothing,Central,3,46.57,0.15,118.75,24.23
ORD10329,2025-03-26,CUST1195,Desk,Furniture,North,1,381.38,0.1,343.24,95.19
ORD10193,2025-03-27,CUST1164,Blender,Home & Kitchen,West,3,150.12,0.1,405.32,99.96
ORD10124,2025-03-27,CUST1121,Smartphone,Electronics,West,2,655.12,0.15,1113.7,182.96
ORD10189,2025-03-29,CUST1107,Jeans,Clothing,East,3,64.57,0.1,174.34,21.11
ORD10386,2025-03-29,CUST1108,Vacuum Cleaner,Home & Kitchen,East,2,180.34,0.05,342.65,49.57
ORD10225,2025-03-30,CUST1021,Laptop,Electronics,South,2,849.45,0.2,1359.12,86.62
ORD10446,2025-03-30,CUST1062,Blender,Home & Kitchen,East,4,34.41,0.1,123.88,6.94
ORD10160,2025-03-30,CUST1063,Jeans,Clothing,East,2,30.3,0.0,60.6,14.72
ORD10082,2025-03-31,CUST1113,Sneakers,Clothing,East,7,50.63,0.05,336.69,41.91
ORD10156,2025-03-31,CUST1127,Laptop,Electronics,West,3,518.77,0.1,1400.68,103.99
ORD10068,2025-03-31,CUST1079,Cookware Set,Home & Kitchen,East,6,184.96,0.25,832.32,190.15
ORD10208,2025-04-01,CUST1061,Backpack,Clothing,Central,3,110.02,0.1,297.05,79.79
ORD10236,2025-04-01,CUST1196,Sneakers,Clothing,North,2,116.13,0.1,209.03,49.43
ORD10245,2025-04-01,CUST1063,Monitor,Electronics,North,2,210.7,0.1,379.26,96.11
ORD10022,2025-04-02,CUST1098,Laptop,Electronics,East,5,751.91,0.1,3383.6,423.4
ORD10133,2025-04-03,CUST1180,Smartphone,Electronics,West,6,762.78,0.05,4347.85,722.37
ORD10226,2025-04-03,CUST1199,Headphones,Electronics,East,1,241.67,0.25,181.25,24.3
ORD10192,2025-04-03,CUST1168,Air Fryer,Home & Kitchen,South,7,216.98,0.05,1442.92,251.99
ORD10231,2025-04-04,CUST1083,Cookware Set,Home & Kitchen,South,6,270.73,0.1,1461.94,94.09
ORD10183,2025-04-04,CUST1056,Coffee Maker,Home & Kitchen,Central,7,124.33,0.15,739.76,160.9
ORD10448,2025-04-05,CUST1137,Cookware Set,Home & Kitchen,East,7,201.55,0.15,1199.22,256.19
ORD10390,2025-04-06,CUST1157,Air Fryer,Home & Kitchen,Central,5,187.37,0.05,890.01,269.19
ORD10073,2025-04-06,CUST1149,Monitor,Electronics,West,7,178.78,0.1,1126.31,179.42
ORD10470,2025-04-07,CUST1092,Cookware Set,Home & Kitchen,West,3,198.23,0.0,594.69,164.92
ORD10061,2025-04-08,CUST1157,Office Chair,Furniture,East,5,305.85,0.05,1452.79,387.94
ORD10233,2025-04-09,CUST1196,Sneakers,Clothing,South,7,166.91,0.1,1051.53,155.75
ORD10271,2025-04-09,CUST1150,Vacuum Cleaner,Home & Kitchen,North,1,213.34,0.1,192.01,39.42
ORD10418,2025-04-10,CUST1173,Table,Furniture,West,4,382.11,,1299.17,55.26
ORD10210,2025-04-11,CUST1054,Laptop,Electronics,South,6,793.07,0.1,4282.58,394.3
ORD10198,2025-04-11,CUST1092,Cookware Set,Home & Kitchen,South,7,181.26,0.0,1268.82,198.61
ORD10378,2025-04-12,CUST1073,Headphones,Electronics,Central,1,45.93,0.0,45.93,8.12
ORD10004,2025-04-12,CUST1062,Backpack,Clothing,South,6,28.25,0.0,169.5,24.15
ORD10098,2025-04-12,CUST1006,Table,Furniture,North,6,555.42,0.15,2832.64,215.58
ORD10293,2025-04-13,CUST1104,Blender,Home & Kitchen,North,5,119.16,0.15,506.43,118.05
ORD10328,2025-04-13,CUST1019,Jeans,Clothing,West,1,94.34,0.1,84.91,17.44
ORD10388,2025-04-14,CUST1118,Laptop,Electronics,East,5,1066.08,0.2,4264.32,359.26
ORD10058,2025-04-14,CUST1100,Monitor,Electronics,South,4,286.13,0.1,1030.07,268.2
ORD10021,2025-04-14,CUST1010,Backpack,Clothing,Central,6,91.39,0.05,520.92,142.47
ORD10069,2025-04-14,CUST1059,Smartphone,Electronics,East,7,313.41,0.15,1864.79,335.15
ORD10259,2025-04-15,CUST1106,Jeans,Clothing,East,7,80.06,0.1,504.38,64.34
ORD10173,2025-04-17,CUST1089,Jacket,Clothing,East,1,209.6,0.15,178.16,13.65
ORD10136,2025-04-18,CUST1110,Office Chair,Furniture,South,1,353.01,0.1,317.71,63.83
ORD10167,2025-04-18,CUST1091,Bookshelf,Furniture,East,2,278.48,0.15,473.42,119.39
ORD10412,2025-04-19,CUST1104,Cookware Set,Home & Kitchen,North,4,231.21,0.15,786.11,87.04
ORD10274,2025-04-19,CUST1005,Cookware Set,Home & Kitchen,West,1,260.03,0.0,260.03,82.83
ORD10288,2025-04-19,CUST1116,Backpack,Clothing,East,4,105.98,0.05,402.72,78.74
ORD10374,2025-04-21,CUST1144,T-Shirt,Clothing,North,7,24.47,0.0,171.29,46.37
ORD10003,2025-04-21,CUST1136,T-Shirt,Clothing,North,7,31.34,0.15,186.47,37.68
ORD10047,2025-04-21,CUST1034,Table,Furniture,South,2,602.86,0.1,1085.15,281.64
ORD10347,2025-04-22,CUST1039,Jacket,Clothing,South,1,171.46,0.25,128.6,2.69
ORD10292,2025-04-22,CUST1145,Headphones,Electronics,West,2,172.47,0.2,275.95,16.55
ORD10234,2025-04-23,CUST1069,Table,Furniture,Central,7,442.79,0.15,2634.6,213.15
ORD10463,2025-04-23,CUST1058,Sneakers,Clothing,South,4,92.2,0.15,313.48,47.76
ORD10456,2025-04-24,CUST1136,Office Chair,Furniture,South,3,252.35,0.15,643.49,148.09
ORD10248,2025-04-24,CUST1088,Air Fryer,Home & Kitchen,South,4,192.81,0.15,655.55,179.08
ORD10310,2025-04-26,CUST1162,Headphones,Electronics,West,2,200.02,0.25,300.03,46.82
ORD10287,2025-04-26,CUST1046,Bookshelf,Furniture,North,3,77.93,0.1,210.41,48.04
ORD10242,2025-04-26,CUST1153,Vacuum Cleaner,Home & Kitchen,North,1,162.94,0.1,146.65,19.12
ORD10253,2025-04-26,CUST1055,Blender,Home & Kitchen,North,4,161.86,0.0,647.44,75.75
ORD10230,2025-04-27,CUST1084,Jeans,Clothing,North,1,35.54,0.2,28.43,3.47
ORD10475,2025-04-28,CUST1186,Jacket,Clothing,Central,6,112.43,0.1,607.12,161.64
ORD10017,2025-04-29,CUST1177,Desk,Furniture,Central,5,191.05,0.1,859.72,55.96
ORD10070,2025-04-29,CUST1150,Vacuum Cleaner,Home & Kitchen,Central,2,436.61,0.25,654.92,92.79
ORD10119,2025-05-02,CUST1154,Coffee Maker,Home & Kitchen,South,6,196.46,0.15,1001.95,138.05
ORD10376,2025-05-03,CUST1054,Desk,Furniture,South,2,487.9,0.15,829.43,45.25
ORD10462,2025-05-04,CUST1039,Jeans,Clothing,North,2,86.93,0.1,156.47,24.86
ORD10065,2025-05-04,CUST1154,Smartphone,Electronics,North,6,294.5,0.05,1678.65,479.78
ORD10170,2025-05-05,CUST1073,Backpack,Clothing,East,5,62.2,0.15,264.35,68.49
ORD10394,2025-05-06,CUST1169,Blender,Home & Kitchen,West,7,119.22,0.0,834.54,91.38
ORD10465,2025-05-06,CUST1192,Vacuum Cleaner,Home & Kitchen,South,1,265.21,0.0,265.21,44.69
ORD10040,2025-05-06,CUST1108,Sofa,Furniture,West,2,537.32,0.1,967.18,123.13
ORD10493,2025-05-08,CUST1104,Keyboard,Electronics,East,1,52.83,0.1,47.55,8.5
ORD10421,2025-05-08,CUST1077,Air Fryer,Home & Kitchen,West,2,142.39,0.2,227.82,21.93
ORD10223,2025-05-09,CUST1133,Headphones,Electronics,West,6,183.06,0.0,1098.36,207.55
ORD10057,2025-05-12,CUST1187,Monitor,Electronics,Central,2,438.09,0.0,876.18,279.42
ORD10282,2025-05-12,CUST1029,Table,Furniture,West,4,199.83,0.05,759.35,137.92
ORD10281,2025-05-13,CUST1127,Vacuum Cleaner,Home & Kitchen,East,4,478.92,0.05,1819.9,140.08
ORD10071,2025-05-13,CUST1179,Coffee Maker,Home & Kitchen,East,1,217.75,0.1,195.98,31.02
ORD10032,2025-05-14,CUST1171,Laptop,Electronics,North,4,1061.29,0.25,3183.87,722.61
ORD10045,2025-05-15,CUST1158,Monitor,Electronics,Central,7,307.82,0.1,1939.27,129.07
ORD10195,2025-05-17,CUST1107,Desk,Furniture,South,7,208.16,0.2,1165.7,274.89
ORD10326,2025-05-18,CUST1033,T-Shirt,Clothing,Central,5,24.02,0.2,96.08,13.22
ORD10001,2025-05-18,CUST1105,Office Chair,Furniture,West,4,204.27,0.1,735.37,175.65
ORD10368,2025-05-19,CUST1131,Vacuum Cleaner,Home & Kitchen,North,5,399.66,0.15,1698.56,101.67
ORD10268,2025-05-19,CUST1109,T-Shirt,Clothing,Central,7,15.41,0.25,80.9,12.69
ORD10158,2025-05-19,CUST1164,Air Fryer,Home & Kitchen,East,6,159.28,0.2,764.54,195.73
ORD10469,2025-05-20,CUST1071,Laptop,Electronics,North,5,753.77,0.05,3580.41,599.58
ORD10400,2025-05-21,CUST1174,Cookware Set,Home & Kitchen,Central,4,206.33,0.0,825.32,80.24
ORD10179,2025-05-21,CUST1182,Coffee Maker,Home & Kitchen,North,4,229.78,0.2,735.3,29.78
ORD10214,2025-05-21,CUST1055,Headphones,Electronics,Central,4,39.76,0.1,143.14,19.57
ORD10486,2025-05-21,CUST1170,Blender,Home & Kitchen,West,2,79.63,0.0,159.26,40.0
ORD10075,2025-05-23,CUST1022,T-Shirt,Clothing,East,3,36.34,0.15,92.67,17.33
ORD10442,2025-05-27,CUST1096,Coffee Maker,Home & Kitchen,South,1,146.02,0.2,116.82,17.35
ORD10291,2025-05-27,CUST1045,Headphones,Electronics,East,7,128.11,0.1,807.09,197.51
ORD10447,2025-05-28,CUST1049,Coffee Maker,Home & Kitchen,South,6,123.06,0.1,664.52,63.18
ORD10357,2025-05-29,CUST1195,Smartphone,Electronics,East,2,304.71,0.0,609.42,138.5
ORD10270,2025-05-29,CUST1039,Keyboard,Electronics,Central,2,36.7,0.1,66.06,10.67
ORD10449,2025-05-31,CUST1092,Desk,Furniture,North,2,398.86,0.2,638.18,121.21
ORD10034,2025-06-02,CUST1039,Coffee Maker,Home & Kitchen,North,2,54.11,0.0,108.22,26.93
ORD10375,2025-06-02,CUST1025,Keyboard,Electronics,North,4,64.98,0.1,233.93,52.56
ORD10279,2025-06-03,CUST1158,Jacket,Clothing,West,2,84.75,0.1,152.55,15.76
ORD10251,2025-06-03,CUST1046,Laptop,Electronics,South,6,1170.99,0.15,5972.05,741.69
ORD10165,2025-06-03,CUST1065,Headphones,Electronics,West,5,159.6,0.15,678.3,177.5
ORD10211,2025-06-04,CUST1088,Backpack,Clothing,West,5,62.16,0.0,310.8,26.76
ORD10221,2025-06-04,CUST1085,Sneakers,Clothing,South,2,75.37,0.05,143.2,17.15
ORD10145,2025-06-05,CUST1062,Headphones,Electronics,West,3,114.47,0.1,309.07,21.41
ORD10018,2025-06-05,CUST1177,Jeans,Clothing,West,1,73.63,0.1,66.27,15.41
ORD10199,2025-06-05,CUST1018,Blender,Home & Kitchen,South,1,69.04,0.1,62.14,12.1
ORD10060,2025-06-06,CUST1002,Office Chair,Furniture,Central,2,346.97,0.0,693.94,66.11
ORD10103,2025-06-08,CUST1114,Office Chair,Furniture,West,7,319.27,0.1,2011.4,205.29
ORD10224,2025-06-09,CUST1092,Sofa,Furniture,Central,2,343.91,0.05,653.43,152.04
ORD10049,2025-06-09,CUST1067,Jeans,Clothing,North,4,99.38,0.2,318.02,54.82
ORD10114,2025-06-10,CUST1132,Cookware Set,Home & Kitchen,West,3,232.76,0.25,523.71,110.04
ORD10137,2025-06-10,CUST1069,Backpack,Clothing,North,5,74.42,0.15,316.29,36.93
ORD10428,2025-06-11,CUST1083,Coffee Maker,Home & Kitchen,West,2,143.59,0.15,244.1,28.9
ORD10031,2025-06-11,CUST1154,Jacket,Clothing,West,2,155.93,0.15,265.08,29.18
ORD10364,2025-06-11,CUST1062,T-Shirt,Clothing,North,2,49.07,0.1,88.33,12.25
ORD10002,2025-06-12,CUST1057,Coffee Maker,Home & Kitchen,East,7,213.27,0.1,1343.6,328.14
ORD10232,2025-06-12,CUST1035,Backpack,Clothing,North,3,74.03,0.05,210.99,15.81
ORD10302,2025-06-13,CUST1158,T-Shirt,Clothing,West,1,36.08,0.1,32.47,6.37
ORD10484,2025-06-16,CUST1170,Backpack,Clothing,North,2,108.95,0.15,185.22,36.54
ORD10393,2025-06-16,CUST1194,Office Chair,Furniture,East,1,411.6,0.15,349.86,69.26
ORD10434,2025-06-17,CUST1183,Monitor,Electronics,North,2,439.37,0.15,746.93,173.17
ORD10327,2025-06-17,CUST1190,Sneakers,Clothing,North,7,161.54,0.0,1130.78,228.99
ORD10147,2025-06-18,CUST1161,Jeans,Clothing,East,5,36.3,0.15,154.28,31.98
ORD10339,2025-06-18,CUST1162,Table,Furniture,East,7,578.08,0.05,3844.23,516.67
ORD10398,2025-06-18,CUST1139,Desk,Furniture,West,1,567.6,0.1,510.84,99.92
ORD10318,2025-06-18,CUST1143,Headphones,Electronics,South,2,218.62,0.05,415.38,48.02
ORD10203,2025-06-19,CUST1139,Smartphone,Electronics,East,7,828.21,0.25,4348.1,794.47
ORD10026,2025-06-19,CUST1124,Cookware Set,Home & Kitchen,West,1,83.07,0.15,70.61,3.31
ORD10010,2025-06-20,CUST1069,Jacket,Clothing,South,6,93.9,0.0,563.4,107.32
ORD10201,2025-06-20,CUST1063,Backpack,Clothing,Central,3,71.66,0.05,204.23,43.25
ORD10215,2025-06-22,CUST1003,T-Shirt,Clothing,Central,6,53.35,0.0,320.1,31.12
ORD10241,2025-06-22,CUST1023,Coffee Maker,Home & Kitchen,West,7,91.51,0.1,576.51,163.97
ORD10104,2025-06-23,CUST1027,Sneakers,Clothing,Central,1,137.04,0.0,137.04,31.05
ORD10411,2025-06-24,CUST1185,Bookshelf,Furniture,South,5,165.27,0.1,743.72,129.56
ORD10028,2025-06-24,CUST1074,Jeans,Clothing,South,3,92.21,0.0,276.63,70.37
ORD10096,2025-06-24,CUST1160,Office Chair,Furniture,Central,1,360.61,0.1,324.55,54.65
ORD10020,2025-06-24,CUST1131,Monitor,Electronics,South,3,401.84,0.1,1084.97,132.59
ORD10459,2025-06-28,CUST1112,Smartphone,Electronics,West,4,743.2,0.15,2526.88,325.75
ORD10333,2025-06-28,CUST1193,Laptop,Electronics,North,6,602.78,0.15,3074.18,663.87
ORD10090,2025-06-30,CUST1129,Sofa,Furniture,Central,1,1165.89,0.15,991.01,218.98
ORD10308,2025-06-30,CUST1115,Table,Furniture,North,7,279.02,0.15,1660.17,274.27
ORD10025,2025-06-30,CUST1002,Office Chair,Furniture,Central,5,236.03,0.0,1180.15,322.39
ORD10316,2025-06-30,CUST1147,T-Shirt,Clothing,Central,6,47.91,0.2,229.97,38.55
ORD10244,2025-06-30,CUST1061,Desk,Furniture,Central,5,267.0,0.1,1201.5,239.95
ORD10488,2025-07-01,CUST1013,Laptop,Electronics,East,2,952.04,0.05,1808.88,508.57
ORD10007,2025-07-01,CUST1066,Keyboard,Electronics,West,5,120.6,0.0,603.0,129.35
ORD10413,2025-07-02,CUST1036,Vacuum Cleaner,Home & Kitchen,North,4,337.31,0.05,1281.78,127.69
ORD10153,2025-07-03,CUST1138,Smartphone,Electronics,Central,4,606.53,0.05,2304.81,387.32
ORD10349,2025-07-04,CUST1088,Sofa,Furniture,Central,3,802.57,0.05,2287.32,612.3
ORD10023,2025-07-05,CUST1089,Laptop,Electronics,West,5,613.52,0.15,2607.46,680.77
ORD10187,2025-07-06,CUST1189,Coffee Maker,Home & Kitchen,South,4,65.27,0.15,221.92,32.33
ORD10155,2025-07-06,CUST1038,Coffee Maker,Home & Kitchen,South,2,123.64,0.1,222.55,16.03
ORD10027,2025-07-06,CUST1024,Monitor,Electronics,West,1,462.22,0.1,416.0,119.01
ORD10012,2025-07-07,CUST1062,Blender,Home & Kitchen,North,1,146.96,0.25,110.22,16.39
ORD10100,2025-07-07,CUST1166,Smartphone,Electronics,East,2,646.06,0.1,1162.91,335.11
ORD10275,2025-07-07,CUST1170,T-Shirt,Clothing,West,2,32.65,0.1,58.77,15.65
ORD10321,2025-07-07,CUST1152,T-Shirt,Clothing,Central,5,34.9,0.15,148.32,21.94
ORD10301,2025-07-08,CUST1033,Monitor,Electronics,South,5,180.4,0.1,811.8,212.9
ORD10429,2025-07-08,CUST1003,Sofa,Furniture,West,5,373.37,0.0,1866.85,195.0
ORD10344,2025-07-09,CUST1064,Desk,Furniture,West,1,331.05,0.0,331.05,80.26
ORD10381,2025-07-10,CUST1065,Headphones,Electronics,Central,7,48.15,0.05,320.2,43.21
ORD10414,2025-07-11,CUST1079,Jacket,Clothing,West,1,180.06,0.2,144.05,26.09
ORD10436,2025-07-12,CUST1132,T-Shirt,Clothing,East,2,58.24,0.25,87.36,10.62
ORD10260,2025-07-12,CUST1058,Keyboard,Electronics,South,6,118.36,0.1,639.14,74.93
ORD10387,2025-07-13,CUST1179,Laptop,Electronics,East,4,969.9,0.2,3103.68,448.0
ORD10059,2025-07-14,CUST1059,Keyboard,Electronics,East,7,139.02,0.1,875.83,157.78
ORD10297,2025-07-14,CUST1108,Blender,Home & Kitchen,West,4,85.78,0.1,308.81,28.01
ORD10482,2025-07-16,CUST1036,Sneakers,Clothing,South,5,73.18,0.15,311.02,68.35
ORD10266,2025-07-16,CUST1137,Jacket,Clothing,North,2,73.17,0.1,131.71,24.87
ORD10391,2025-07-17,CUST1083,Coffee Maker,Home & Kitchen,East,7,239.83,0.1,1510.93,301.94
ORD10276,2025-07-18,CUST1087,Jeans,Clothing,,3,46.15,0.15,117.68,22.61
ORD10083,2025-07-18,CUST1045,Desk,Furniture,Central,1,138.88,0.05,131.94,25.13
ORD10362,2025-07-21,CUST1053,Jeans,Clothing,North,5,94.97,0.1,427.36,65.26
ORD10127,2025-07-21,CUST1178,Cookware Set,Home & Kitchen,East,1,170.27,0.0,170.27,42.32
ORD10500,2025-07-21,CUST1138,Vacuum Cleaner,Home & Kitchen,Central,7,382.15,0.2,2140.04,128.08
ORD10257,2025-07-22,CUST1110,Blender,Home & Kitchen,West,3,166.31,0.15,424.09,102.87
ORD10443,2025-07-23,CUST1091,Table,Furniture,East,1,425.98,0.1,383.38,56.75
ORD10063,2025-07-24,CUST1065,Vacuum Cleaner,Home & Kitchen,Central,7,258.66,0.0,1810.62,194.79
ORD10348,2025-07-25,CUST1128,Keyboard,Electronics,West,1,52.18,0.1,46.96,10.9
ORD10455,2025-07-25,CUST1164,Keyboard,Electronics,South,6,69.9,0.1,377.46,30.31
ORD10238,2025-07-25,CUST1188,Keyboard,Electronics,North,5,115.41,0.15,490.49,54.9
ORD10043,2025-07-27,CUST1111,Monitor,Electronics,East,7,215.28,0.1,1356.26,172.22
ORD10138,2025-07-28,CUST1043,T-Shirt,Clothing,Central,7,34.21,0.1,215.52,54.46
ORD10125,2025-07-29,CUST1041,Monitor,Electronics,Central,2,258.58,0.15,439.59,110.91
ORD10460,2025-07-29,CUST1173,Smartphone,Electronics,West,5,483.72,0.1,2176.74,619.57
ORD10331,2025-07-31,CUST1168,Bookshelf,Furniture,South,7,190.38,0.2,1066.13,153.99
ORD10355,2025-08-01,CUST1026,Headphones,Electronics,North,1,125.31,0.1,112.78,26.94
ORD10481,2025-08-02,CUST1090,Jacket,Clothing,North,7,129.33,0.0,905.31,214.01
ORD10055,2025-08-02,CUST1048,T-Shirt,Clothing,Central,4,49.69,0.15,168.95,8.59
ORD10370,2025-08-02,CUST1117,Keyboard,Electronics,South,3,33.36,0.1,90.07,16.25
ORD10492,2025-08-03,CUST1008,Jacket,Clothing,East,2,239.72,0.15,407.52,28.23
ORD10490,2025-08-03,CUST1054,Cookware Set,Home & Kitchen,Central,4,162.36,0.05,616.97,96.1
ORD10202,2025-08-04,CUST1150,Keyboard,Electronics,West,3,149.52,0.15,381.28,80.77
ORD10099,2025-08-04,CUST1176,Keyboard,Electronics,West,4,114.13,0.2,365.22,35.22
ORD10431,2025-08-04,CUST1064,Laptop,Electronics,North,4,615.42,0.1,2215.51,265.63
ORD10382,2025-08-05,CUST1093,T-Shirt,Clothing,Central,6,52.1,0.0,312.6,85.29
ORD10053,2025-08-05,CUST1073,Air Fryer,Home & Kitchen,West,6,95.03,0.1,513.16,57.72
ORD10066,2025-08-06,CUST1010,Jeans,Clothing,East,5,73.54,0.0,367.7,88.47
ORD10264,2025-08-09,CUST1113,T-Shirt,Clothing,Central,4,29.69,0.0,118.76,17.2
ORD10289,2025-08-09,CUST1112,Monitor,Electronics,South,2,496.26,0.2,794.02,189.61
ORD10130,2025-08-10,CUST1113,Backpack,Clothing,South,5,66.9,0.05,317.77,42.4
ORD10029,2025-08-10,CUST1166,T-Shirt,Clothing,Central,6,45.74,0.25,205.83,18.66
ORD10129,2025-08-11,CUST1039,Monitor,Electronics,North,3,321.5,0.25,723.38,35.49
ORD10033,2025-08-12,CUST1183,Monitor,Electronics,West,5,309.27,,1469.03,138.85
ORD10117,2025-08-12,CUST1073,Vacuum Cleaner,Home & Kitchen,East,5,268.71,0.05,1276.37,176.06
ORD10052,2025-08-13,CUST1010,Coffee Maker,Home & Kitchen,West,7,241.31,0.05,1604.71,138.73
ORD10115,2025-08-14,CUST1093,T-Shirt,Clothing,North,4,23.67,0.15,80.48,14.47
ORD10062,2025-08-14,CUST1196,Smartphone,Electronics,East,1,864.51,0.15,734.83,136.87
ORD10217,2025-08-16,CUST1121,Bookshelf,Furniture,Central,5,138.97,0.0,694.85,107.49
ORD10351,2025-08-16,CUST1017,Jacket,Clothing,North,1,82.17,0.0,82.17,9.39
ORD10011,2025-08-16,CUST1156,Monitor,Electronics,North,2,490.33,0.0,980.66,281.94
ORD10046,2025-08-16,CUST1053,Backpack,Clothing,South,3,79.46,0.1,214.54,58.29
ORD10014,2025-08-18,CUST1197,Monitor,Electronics,East,5,335.0,0.25,1256.25,316.49
ORD10030,2025-08-21,CUST1022,Headphones,Electronics,West,4,210.97,0.0,843.88,235.49
ORD10079,2025-08-21,CUST1025,Desk,Furniture,East,2,452.46,0.05,859.67,188.28
ORD10135,2025-08-23,CUST1063,Air Fryer,Home & Kitchen,West,7,185.71,0.0,1299.97,326.77
ORD10263,2025-08-25,CUST1097,Laptop,Electronics,North,6,513.07,0.1,2770.58,380.09
ORD10338,2025-08-27,CUST1129,Backpack,Clothing,Central,2,26.7,0.1,48.06,11.92
ORD10440,2025-08-28,CUST1122,Headphones,Electronics,South,3,191.78,0.1,517.81,39.58
ORD10139,2025-08-28,CUST1176,Sofa,Furniture,South,1,1089.0,0.1,980.1,278.56
ORD10379,2025-08-29,CUST1120,Air Fryer,Home & Kitchen,Central,3,161.51,0.15,411.85,46.69
ORD10358,2025-08-29,CUST1007,Jacket,Clothing,East,4,142.92,0.2,457.34,23.45
ORD10107,2025-08-29,CUST1163,Desk,Furniture,East,1,122.08,0.15,103.77,17.28
ORD10228,2025-08-29,CUST1109,Desk,Furniture,West,4,547.24,0.1,1970.06,347.34
ORD10286,2025-08-30,CUST1160,Keyboard,Electronics,Central,2,27.53,0.05,52.31,14.95
ORD10190,2025-08-30,CUST1123,Headphones,Electronics,East,5,38.08,0.1,171.36,22.02
ORD10105,2025-08-30,CUST1054,Vacuum Cleaner,Home & Kitchen,East,1,120.64,0.15,102.54,11.27
ORD10038,2025-09-01,CUST1182,Laptop,Electronics,East,2,529.93,0.15,900.88,40.97
ORD10405,2025-09-02,CUST1128,Desk,Furniture,North,6,376.5,0.25,1694.25,356.55
ORD10175,2025-09-02,CUST1113,T-Shirt,Clothing,West,5,41.48,0.15,176.29,25.35
ORD10220,2025-09-04,CUST1038,Blender,Home & Kitchen,South,3,72.21,0.25,162.47,17.06
ORD10430,2025-09-04,CUST1182,Laptop,Electronics,East,6,752.45,0.1,4063.23,574.77
ORD10177,2025-09-04,CUST1028,Sneakers,Clothing,South,5,163.79,0.1,737.06,126.51
ORD10309,2025-09-05,CUST1164,Cookware Set,Home & Kitchen,West,3,259.99,0.15,662.97,106.51
ORD10112,2025-09-05,CUST1111,Headphones,Electronics,North,7,98.83,0.0,691.81,73.28
ORD10495,2025-09-05,CUST1057,Sofa,Furniture,South,1,641.42,0.05,609.35,163.32
ORD10219,2025-09-05,CUST1102,Sneakers,Clothing,West,4,142.93,0.05,543.13,115.63
ORD10320,2025-09-06,CUST1156,Monitor,Electronics,East,7,408.84,0.1,2575.69,669.55
ORD10397,2025-09-08,CUST1131,Air Fryer,Home & Kitchen,East,6,116.78,0.2,560.54,77.27
ORD10204,2025-09-09,CUST1186,Blender,Home & Kitchen,Central,4,99.51,0.0,398.04,67.62
ORD10151,2025-09-09,CUST1094,Air Fryer,Home & Kitchen,Central,1,67.14,0.05,63.78,9.95
ORD10366,2025-09-11,CUST1171,Bookshelf,Furniture,East,6,277.88,0.0,1667.28,456.8
ORD10315,2025-09-11,CUST1127,Air Fryer,Home & Kitchen,North,1,65.95,0.05,62.65,15.72
ORD10365,2025-09-12,CUST1017,Vacuum Cleaner,Home & Kitchen,North,3,481.06,0.1,1298.86,106.04
ORD10200,2025-09-12,CUST1098,Coffee Maker,Home & Kitchen,West,4,148.2,0.0,592.8,100.23
ORD10267,2025-09-13,CUST1006,Jacket,Clothing,North,1,125.34,0.15,106.54,13.41
ORD10249,2025-09-14,CUST1153,Cookware Set,Home & Kitchen,East,6,97.31,0.15,496.28,67.48
ORD10166,2025-09-17,CUST1120,Cookware Set,Home & Kitchen,West,2,119.32,0.2,190.91,33.79
ORD10402,2025-09-19,CUST1057,Coffee Maker,Home & Kitchen,West,4,168.57,0.15,573.14,57.64
ORD10051,2025-09-21,CUST1027,Cookware Set,Home & Kitchen,East,4,138.47,0.0,553.88,68.95
ORD10218,2025-09-22,CUST1129,Backpack,Clothing,South,7,113.5,0.15,675.32,138.45
ORD10255,2025-09-23,CUST1133,Smartphone,Electronics,West,2,773.96,0.05,1470.52,290.44
ORD10089,2025-09-24,CUST1083,Blender,Home & Kitchen,West,1,151.11,0.05,143.55,30.38
ORD10006,2025-09-25,CUST1017,Monitor,Electronics,South,3,251.17,0.05,715.83,163.55
ORD10427,2025-09-27,CUST1067,Office Chair,Furniture,South,4,280.72,0.2,898.3,186.68
ORD10389,2025-09-28,CUST1199,Cookware Set,Home & Kitchen,North,5,60.3,0.2,241.2,44.31
ORD10417,2025-09-28,CUST1049,Keyboard,Electronics,South,5,62.77,0.15,266.77,31.67
ORD10296,2025-09-28,CUST1134,Backpack,Clothing,Central,3,103.04,0.1,278.21,78.34
ORD10457,2025-09-29,CUST1058,Monitor,Electronics,South,7,437.68,0.05,2910.57,646.43
ORD10148,2025-09-29,CUST1075,T-Shirt,Clothing,West,1,15.43,0.15,13.12,0.92
ORD10359,2025-09-29,CUST1058,Vacuum Cleaner,Home & Kitchen,South,5,372.18,0.15,1581.76,252.34
ORD10019,2025-09-29,CUST1071,Bookshelf,Furniture,Central,7,182.99,0.0,1280.93,384.71
ORD10172,2025-09-30,CUST1107,Smartphone,Electronics,North,2,869.49,0.15,1478.13,252.25
ORD10371,2025-09-30,CUST1160,Monitor,Electronics,East,6,336.94,0.1,1819.48,230.88
ORD10240,2025-10-01,CUST1056,Keyboard,Electronics,East,7,132.86,0.1,837.02,69.37
ORD10161,2025-10-01,CUST1077,Sofa,Furniture,West,2,720.58,0.0,1441.16,240.47
ORD10120,2025-10-04,CUST1147,Jacket,Clothing,East,4,60.98,0.15,207.33,13.15
ORD10261,2025-10-05,CUST1039,T-Shirt,Clothing,West,6,26.64,0.0,159.84,20.25
ORD10209,2025-10-05,CUST1107,Laptop,Electronics,West,2,1095.1,0.15,1861.67,233.66
ORD10078,2025-10-05,CUST1158,Monitor,Electronics,West,2,276.86,0.0,553.72,124.98
ORD10311,2025-10-06,CUST1028,Bookshelf,Furniture,Central,1,115.21,0.0,115.21,33.15
ORD10283,2025-10-06,CUST1165,Bookshelf,Furniture,East,7,245.04,0.0,1715.28,360.77
ORD10497,2025-10-07,CUST1187,Jeans,Clothing,West,6,62.11,0.05,354.03,56.11
ORD10298,2025-10-07,CUST1018,Laptop,Electronics,North,2,1064.09,0.0,2128.18,406.57
ORD10106,2025-10-09,CUST1178,Monitor,Electronics,Central,1,374.57,0.1,337.11,35.29
ORD10273,2025-10-09,CUST1118,Air Fryer,Home & Kitchen,South,2,142.13,0.15,241.62,33.57
ORD10468,2025-10-10,CUST1059,Coffee Maker,Home & Kitchen,West,2,60.45,0.0,120.9,31.94
ORD10437,2025-10-10,CUST1060,Monitor,Electronics,South,1,278.04,0.1,250.24,68.41
ORD10299,2025-10-10,CUST1094,Jeans,Clothing,North,1,52.73,0.0,52.73,16.63
ORD10024,2025-10-10,CUST1035,Desk,Furniture,South,3,422.53,0.0,1267.59,330.78
ORD10168,2025-10-12,CUST1008,Headphones,Electronics,Central,6,39.92,0.2,191.62,39.04
ORD10361,2025-10-14,CUST1103,Table,Furniture,West,3,684.82,0.15,1746.29,245.02
ORD10076,2025-10-15,CUST1100,T-Shirt,Clothing,South,2,30.5,0.0,61.0,17.95
ORD10426,2025-10-16,CUST1123,Backpack,Clothing,West,6,56.57,0.0,339.42,47.26
ORD10485,2025-10-16,CUST1076,Backpack,Clothing,East,3,66.99,0.0,200.97,35.14
ORD10307,2025-10-17,CUST1138,Jeans,Clothing,South,4,104.33,0.0,417.32,72.1
ORD10384,2025-10-19,CUST1080,Air Fryer,Home & Kitchen,North,6,121.2,0.15,618.12,86.37
ORD10122,2025-10-21,CUST1017,Cookware Set,Home & Kitchen,East,3,180.61,0.0,541.83,58.15
ORD10174,2025-10-26,CUST1039,Headphones,Electronics,East,4,86.98,0.15,295.73,13.4
ORD10087,2025-10-28,CUST1137,Jacket,Clothing,East,6,70.62,0.25,317.79,55.31
ORD10128,2025-10-29,CUST1168,Cookware Set,Home & Kitchen,North,7,271.25,0.0,1898.75,604.33
ORD10335,2025-10-30,CUST1178,Keyboard,Electronics,South,4,39.98,0.1,143.93,12.56
ORD10277,2025-10-30,CUST1076,Vacuum Cleaner,Home & Kitchen,Central,5,401.48,0.05,1907.03,389.32
ORD10342,2025-11-02,CUST1048,Sofa,Furniture,North,4,1170.76,0.05,4448.89,309.76
ORD10048,2025-11-03,CUST1150,Backpack,Clothing,East,7,63.42,0.0,443.94,106.67
ORD10110,2025-11-04,CUST1153,Monitor,Electronics,South,5,331.21,0.15,1407.64,133.83
ORD10404,2025-11-04,CUST1179,Cookware Set,Home & Kitchen,South,3,215.21,0.15,548.79,131.66
ORD10356,2025-11-06,CUST1049,Jeans,Clothing,West,4,118.59,0.1,426.92,110.15
ORD10494,2025-11-06,CUST1059,Monitor,Electronics,South,2,256.52,0.05,487.39,64.2
ORD10163,2025-11-07,CUST1131,Backpack,Clothing,South,1,106.02,0.1,95.42,5.48
ORD10072,2025-11-08,CUST1048,Keyboard,Electronics,East,7,144.18,0.0,1009.26,157.51
ORD10269,2025-11-08,CUST1035,Table,Furniture,East,2,591.21,0.2,945.94,59.98
ORD10039,2025-11-09,CUST1148,Backpack,Clothing,Central,1,38.3,0.0,38.3,7.37
ORD10325,2025-11-09,CUST1175,Cookware Set,Home & Kitchen,Central,6,236.46,0.0,1418.76,414.32
ORD10395,2025-11-09,CUST1173,Sofa,Furniture,East,2,854.94,0.0,1709.88,501.47
ORD10319,2025-11-09,CUST1126,Keyboard,Electronics,South,3,145.39,0.15,370.74,25.48
ORD10452,2025-11-09,CUST1061,T-Shirt,Clothing,North,7,59.65,0.0,417.55,128.68
ORD10425,2025-11-10,CUST1192,Smartphone,Electronics,North,4,657.28,0.05,2497.66,170.88
ORD10341,2025-11-10,CUST1176,Sofa,Furniture,Central,6,1120.65,0.25,5042.92,1247.05
ORD10432,2025-11-11,CUST1040,Vacuum Cleaner,Home & Kitchen,West,1,267.36,0.0,267.36,75.46
ORD10256,2025-11-11,CUST1036,Sneakers,Clothing,East,7,72.01,0.15,428.46,96.56
ORD10330,2025-11-13,CUST1074,Monitor,Electronics,Central,3,299.18,0.05,852.66,61.47
ORD10317,2025-11-14,CUST1118,Sofa,Furniture,North,1,1118.57,0.05,1062.64,315.55
ORD10478,2025-11-14,CUST1131,Sneakers,Clothing,West,4,41.26,0.1,148.54,29.84
ORD10499,2025-11-15,CUST1094,Air Fryer,Home & Kitchen,East,4,208.54,0.2,667.33,23.12
ORD10154,2025-11-16,CUST1082,Sofa,Furniture,North,6,544.52,0.05,3103.76,769.06
ORD10441,2025-11-16,CUST1107,Monitor,Electronics,West,1,411.74,0.0,411.74,100.83
ORD10380,2025-11-17,CUST1056,Laptop,Electronics,South,2,1111.9,0.05,2112.61,260.43
ORD10015,2025-11-17,CUST1082,Laptop,Electronics,Central,4,1189.03,0.1,4280.51,349.17
ORD10094,2025-11-17,CUST1046,Jeans,Clothing,South,5,37.8,0.0,189.0,26.66
ORD10184,2025-11-17,CUST1187,Coffee Maker,Home & Kitchen,West,6,215.94,0.15,1101.29,219.21
ORD10206,2025-11-18,CUST1004,Headphones,Electronics,West,5,194.53,0.15,826.75,120.56
ORD10229,2025-11-19,CUST1047,Cookware Set,Home & Kitchen,North,2,297.87,0.15,506.38,138.68
ORD10306,2025-11-19,CUST1122,Coffee Maker,Home & Kitchen,South,3,150.68,0.1,406.84,96.76
ORD10295,2025-11-20,CUST1194,Laptop,Electronics,Central,1,499.22,0.15,424.34,107.36
ORD10247,2025-11-20,CUST1052,Sofa,Furniture,West,4,395.25,0.1,1422.9,176.75
ORD10372,2025-11-20,CUST1026,Monitor,Electronics,East,6,126.98,0.15,647.6,39.47
ORD10323,2025-11-22,CUST1107,Backpack,Clothing,South,3,55.47,0.1,149.77,40.34
ORD10227,2025-11-23,CUST1195,Coffee Maker,Home & Kitchen,West,5,62.99,0.05,299.2,22.17
ORD10278,2025-11-23,CUST1195,Jacket,Clothing,East,4,207.76,0.1,747.94,152.55
ORD10461,2025-11-24,CUST1062,Headphones,Electronics,North,4,162.41,0.05,617.16,115.78
ORD10453,2025-11-24,CUST1048,Desk,Furniture,Central,6,241.93,0.2,1161.26,230.64
ORD10140,2025-11-27,CUST1034,Blender,Home & Kitchen,West,4,92.63,0.0,370.52,102.67
ORD10050,2025-11-27,CUST1134,Smartphone,Electronics,Central,6,495.43,0.1,2675.32,720.07
ORD10467,2025-11-27,CUST1029,Monitor,Electronics,North,6,286.12,0.15,1459.21,80.35
ORD10074,2025-11-27,CUST1123,Cookware Set,Home & Kitchen,Central,2,205.83,0.1,370.49,89.19
ORD10336,2025-11-28,CUST1098,Monitor,Electronics,Central,2,292.4,0.2,467.84,47.65
ORD10157,2025-11-28,CUST1019,Jacket,Clothing,South,3,117.27,0.1,316.63,44.37
ORD10141,2025-11-29,CUST1040,Blender,Home & Kitchen,South,2,99.29,0.25,148.94,2.66
ORD10473,2025-11-30,CUST1134,Laptop,Electronics,North,6,521.45,0.15,2659.4,532.58
ORD10438,2025-12-02,CUST1116,Cookware Set,Home & Kitchen,South,5,261.56,0.25,980.85,105.99
ORD10176,2025-12-02,CUST1188,Monitor,Electronics,Central,2,493.29,0.0,986.58,148.79
ORD10407,2025-12-03,CUST1194,Bookshelf,Furniture,West,7,248.12,0.1,1563.16,281.12
ORD10416,2025-12-03,CUST1057,Office Chair,Furniture,East,6,307.82,0.0,1846.92,479.6
ORD10498,2025-12-04,CUST1130,Laptop,Electronics,North,1,850.13,0.15,722.61,89.22
ORD10435,2025-12-05,CUST1062,Laptop,Electronics,South,5,580.65,0.1,2612.93,703.01
ORD10422,2025-12-05,CUST1045,Cookware Set,Home & Kitchen,North,7,60.92,0.05,405.12,96.08
ORD10088,2025-12-05,CUST1164,Jacket,Clothing,North,4,112.92,0.15,383.93,103.9
ORD10433,2025-12-05,CUST1059,Sneakers,Clothing,Central,7,68.5,0.2,383.6,40.36
ORD10016,2025-12-06,CUST1169,Smartphone,Electronics,North,2,529.75,0.05,1006.52,170.01
ORD10403,2025-12-06,CUST1146,Jeans,Clothing,West,4,73.6,0.05,279.68,66.8
ORD10191,2025-12-08,CUST1188,Laptop,Electronics,South,5,1167.95,0.1,5255.78,1284.28
ORD10334,2025-12-08,CUST1157,Monitor,Electronics,Central,3,154.64,0.25,347.94,63.92
ORD10340,2025-12-09,CUST1093,Monitor,Electronics,Central,5,231.78,0.15,985.06,91.68
ORD10254,2025-12-09,CUST1096,Table,Furniture,West,5,103.09,0.0,515.45,109.73
ORD10013,2025-12-12,CUST1169,Cookware Set,Home & Kitchen,East,7,78.56,0.1,494.93,72.41
ORD10237,2025-12-12,CUST1140,Headphones,Electronics,Central,7,220.19,0.05,1464.26,259.97
ORD10212,2025-12-15,CUST1068,Backpack,Clothing,North,4,50.93,0.05,193.53,43.06
ORD10243,2025-12-15,CUST1021,Coffee Maker,Home & Kitchen,South,2,73.68,0.0,147.36,43.21
ORD10144,2025-12-17,CUST1195,Table,Furniture,East,5,211.28,0.25,792.3,62.85
ORD10314,2025-12-17,CUST1047,Vacuum Cleaner,Home & Kitchen,North,5,485.29,0.05,2305.13,613.41
ORD10093,2025-12-17,CUST1073,Vacuum Cleaner,Home & Kitchen,East,6,308.52,0.15,1573.45,93.66
ORD10420,2025-12-18,CUST1066,Coffee Maker,Home & Kitchen,East,6,223.08,0.2,1070.78,44.16
ORD10182,2025-12-18,CUST1082,Keyboard,Electronics,West,3,28.45,0.0,85.35,13.86
ORD10262,2025-12-20,CUST1080,Air Fryer,Home & Kitchen,East,5,96.7,0.05,459.32,37.36
ORD10171,2025-12-20,CUST1134,Jeans,Clothing,Central,5,41.2,0.1,185.4,13.15
ORD10150,2025-12-21,CUST1082,Headphones,Electronics,Central,1,49.48,0.0,49.48,9.38
ORD10345,2025-12-23,CUST1061,Bookshelf,Furniture,North,4,60.3,0.1,217.08,55.1
ORD10159,2025-12-23,CUST1187,Keyboard,Electronics,West,6,115.2,0.05,656.64,149.69
ORD10324,2025-12-23,CUST1137,Monitor,Electronics,East,2,395.28,0.0,790.56,75.1
ORD10377,2025-12-23,CUST1156,Coffee Maker,Home & Kitchen,Central,6,237.66,0.1,1283.36,93.04
ORD10164,2025-12-24,CUST1102,Jeans,Clothing,North,3,94.4,0.05,269.04,59.23
ORD10235,2025-12-25,CUST1129,Smartphone,Electronics,South,4,663.48,0.0,2653.92,227.19
ORD10091,2025-12-26,CUST1138,Laptop,Electronics,Central,3,1042.51,0.1,2814.78,496.82
ORD10205,2025-12-26,CUST1185,Jacket,Clothing,North,5,174.59,0.1,785.66,74.67
ORD10111,2025-12-27,CUST1156,Headphones,Electronics,West,5,134.11,0.0,670.55,59.55
ORD10180,2025-12-28,CUST1037,Laptop,Electronics,Central,4,1191.89,0.0,4767.56,522.15
ORD10084,2025-12-28,CUST1068,Smartphone,Electronics,Central,4,201.64,0.1,725.9,58.08
ORD10284,2025-12-28,CUST1087,Laptop,Electronics,Central,2,981.43,0.0,1962.86,264.32
ORD10213,2025-12-30,CUST1129,Sneakers,Clothing,West,5,106.73,0.15,453.6,88.61
ORD10312,2025-12-31,CUST1011,Headphones,Electronics,North,6,58.89,0.0,353.34,111.44
ORD10252,2025-12-31,CUST1032,Desk,Furniture,Central,1,332.74,0.1,299.47,55.38
ORD10042,2025-01-16,CUST1084,Table,Furniture,North,1,539.31,0.15,458.41,52.18
ORD10410,2025-03-17,CUST1006,Laptop,Electronics,West,6,573.0,0.1,3094.2,371.73
ORD10104,2025-06-23,CUST1027,Sneakers,Clothing,Central,1,137.04,0.0,137.04,31.05
